{
  "name": "d3",
  "version": "3.4.4",
  "main": "d3.js",
  "scripts": [
    "d3.js"
  ],
  "ignore": [
    ".DS_Store",
    ".git",
    ".gitignore",
    ".npmignore",
    ".travis.yml",
    "Makefile",
    "bin",
    "component.json",
    "index.js",
    "lib",
    "node_modules",
    "package.json",
    "src",
    "test"
  ],
  "homepage": "https://github.com/mbostock-bower/d3-bower",
  "_release": "3.4.4",
  "_resolution": {
    "type": "version",
    "tag": "v3.4.4",
    "commit": "efcaf3ca3c08fa4ca4d57a211c5187d8e6cb071e"
  },
  "_source": "https://github.com/mbostock-bower/d3-bower.git",
  "_target": "3.4.4",
  "_originalSource": "d3",
  "_direct": true
}